{"x": -537.7777777777778, "y": 127.36842105263158, "depth": 191.57894736842104}